scene_index,scene_text,topic,file,title,author,src,license_name,license_url,width,height,blip_caption,best_clip_sim,scene_relevance_score,face_best_distance,face_count,reason
0,"Imagine a young child sitting alone in a busy classroom, ignored by his classmates and misunderstood",scene_000_einstein,assets\images\scene_000_einstein\001.jpg,"
First Day Cover commemorating Albert Einstein",ArtCraft,https://upload.wikimedia.org/wikipedia/commons/thumb/b/b4/First_Day_Cover_commemorating_Albert_Einstein_-_DPLA_-_248ea8cdab2d6f31c594ca0a08d119b1.jpg/2200px-First_Day_Cover_commemorating_Albert_Einstein_-_DPLA_-_248ea8cdab2d6f31c594ca0a08d119b1.jpg,Public domain,,1280,720,an envelope with a stamp on it,0.2728530168533325,0.08167225867509842,,0,"no_face_scene_ok(clip=0.273,scene=0.08,cap_ok=False,person_page=False)"
0,"Imagine a young child sitting alone in a busy classroom, ignored by his classmates and misunderstood",scene_000_einstein,assets\images\scene_000_einstein\002.jpg,Swirling Chaos,Devanand Student,https://upload.wikimedia.org/wikipedia/commons/2/2b/Swirling_Chaos.jpg,CC0,http://creativecommons.org/publicdomain/zero/1.0/deed.en,1280,720,a black and white photo of a circular object,0.22609390318393707,0.18307118117809296,,0,"no_face_scene_ok(clip=0.226,scene=0.18,cap_ok=False,person_page=False)"
0,"Imagine a young child sitting alone in a busy classroom, ignored by his classmates and misunderstood",scene_000_einstein,assets\images\scene_000_einstein\003.jpg,"An aerial view of Albert Park Lake with Melbourne skyline in the background, Australia.",Pat Whelen,https://images.pexels.com/photos/5766208/pexels-photo-5766208.jpeg,Pexels,https://www.pexels.com/,1280,720,a view of a city from a high angle,0.1782357096672058,0.11946269124746323,,0,"no_face_scene_ok(clip=0.178,scene=0.12,cap_ok=False,person_page=False)"
0,"Imagine a young child sitting alone in a busy classroom, ignored by his classmates and misunderstood",scene_000_einstein,assets\images\scene_000_einstein\004.jpg,"
Paraguayan postage stamp commemorating Albert Einstein","Mosdossy, Imre von, 1904-1995; Thomas De La Rue &amp; Company",https://upload.wikimedia.org/wikipedia/commons/thumb/a/a5/Paraguayan_postage_stamp_commemorating_Albert_Einstein_-_DPLA_-_aa7e119b611dd3b6eb9f30de4d11e94f.jpg/2200px-Paraguayan_postage_stamp_commemorating_Albert_Einstein_-_DPLA_-_aa7e119b611dd3b6eb9f30de4d11e94f.jpg,Public domain,,1280,720,a stamp with a picture of albert einstein,0.2840759754180908,0.547066330909729,,0,"no_face_scene_ok(clip=0.284,scene=0.55,cap_ok=False,person_page=False)"
-1,,albert-einstein-einstein-imagination-questions,assets\images\albert-einstein-einstein-imagination-questions\005.jpg,"Close-up of the golden statue of Prince Albert at the Albert Memorial in Kensington Gardens, London.",Balint Koban,https://images.pexels.com/photos/34164342/pexels-photo-34164342.jpeg,Pexels,https://www.pexels.com/,1280,720,a statue of a man holding a book,0.2107914686203003,0.0,,0,"no_face_scene_ok(clip=0.211,scene=0.00,cap_ok=False,person_page=False)"
0,"Imagine a young child sitting alone in a busy classroom, ignored by his classmates and misunderstood",scene_000_einstein,assets\images\scene_000_einstein\006.jpg,Home Albert Einstein 1895 Memorial,"Photo: Saippuakauppias, 2007",https://upload.wikimedia.org/wikipedia/commons/a/a2/Home_Albert_Einstein_1895_Memorial.jpg,CC BY 2.5,https://creativecommons.org/licenses/by/2.5,1280,720,a plaque on the side of a building,0.3051641881465912,0.08973611146211624,,0,"no_face_scene_ok(clip=0.305,scene=0.09,cap_ok=False,person_page=False)"
0,"Imagine a young child sitting alone in a busy classroom, ignored by his classmates and misunderstood",scene_000_einstein,assets\images\scene_000_einstein\007.jpg,Albert-Einstein-1879-1955--amp--Theory-of-Relativity,E.Caracentev,https://upload.wikimedia.org/wikipedia/commons/1/14/Albert-Einstein-1879-1955--amp--Theory-of-Relativity.jpg,Public domain,,1280,720,romania - circae stamp with portrait of the writer and writer,0.2947043180465698,0.1668694168329239,,0,"no_face_scene_ok(clip=0.295,scene=0.17,cap_ok=False,person_page=False)"
0,"Imagine a young child sitting alone in a busy classroom, ignored by his classmates and misunderstood",scene_000_einstein,assets\images\scene_000_einstein\008.jpg,Scenic aerial view of Melbourne skyline with Albert Park and the river in foreground.,Pat Whelen,https://images.pexels.com/photos/5766205/pexels-photo-5766205.jpeg,Pexels,https://www.pexels.com/,1280,720,a view of a city from a high angle,0.17237551510334015,0.11946269124746323,,0,"no_face_scene_ok(clip=0.172,scene=0.12,cap_ok=False,person_page=False)"
-1,,albert-einstein-his-own-way,assets\images\albert-einstein-his-own-way\009.jpg,"casting horn, image, statue, art, albert mol, bronze, bronze statue, face, culture",Michel_van_der_Vegt,https://pixabay.com/get/ga76278e0cf632a94adde8e5f38f1232f5a63a39ce53ebd5767f37d095f2b6ce42021d724abfadabbb872044e90fe4cbb1059925b79822f79d26bccfc3358f965_1280.jpg,Pixabay,https://pixabay.com/,1280,720,a statue of a man with a beard and a beard,0.24307429790496826,0.0,,0,"no_face_scene_ok(clip=0.243,scene=0.00,cap_ok=False,person_page=False)"
0,"Imagine a young child sitting alone in a busy classroom, ignored by his classmates and misunderstood",scene_000_einstein,assets\images\scene_000_einstein\010.jpg,"brasov, imagine, ansamblu, brasov, brasov, brasov, brasov, brasov",panaiteminodora,https://pixabay.com/get/ge00275d8a422395d0959854768bd296d1fb3a77565a1281c0337e868a374b797b060caa923c6c36af436ece6128031014813bbd1f97475dfffa221d9db8e46b0_1280.jpg,Pixabay,https://pixabay.com/,1280,720,a city square with many buildings and people,0.18160249292850494,0.007906248793005943,,0,"no_face_scene_ok(clip=0.182,scene=0.01,cap_ok=False,person_page=False)"
0,"Imagine a young child sitting alone in a busy classroom, ignored by his classmates and misunderstood",scene_000_einstein,assets\images\scene_000_einstein\011.jpg,Einstein-Roosevelt-letter,Albert Einstein,https://upload.wikimedia.org/wikipedia/commons/b/bf/Einstein-Roosevelt-letter.png,Public domain,,1280,720,a typed document with the words ' ' ' and ' ' ',0.2596591114997864,0.010485276579856873,,0,"no_face_scene_ok(clip=0.260,scene=0.01,cap_ok=False,person_page=True)"
0,"Imagine a young child sitting alone in a busy classroom, ignored by his classmates and misunderstood",scene_000_einstein,assets\images\scene_000_einstein\012.jpg,Albert Einstein (1879-1955),YouTube,https://i.ytimg.com/vi/yezGBWD9Nz8/hq720.jpg,SerpAPI/GoogleImages,,1280,720,a man with a fake face and a fake mustache,0.316032350063324,0.06471289694309235,,0,"no_face_scene_ok(clip=0.316,scene=0.06,cap_ok=False,person_page=False)"
0,"Imagine a young child sitting alone in a busy classroom, ignored by his classmates and misunderstood",scene_000_einstein,assets\images\scene_000_einstein\013.jpg,Albert Einstein (1879-1955),Pinterest,https://i.pinimg.com/736x/72/83/9a/72839a4703848ffadd8be2b25515f3eb.jpg,SerpAPI/GoogleImages,,1280,720,a portrait of physicist,0.30619096755981445,0.3677543103694916,,0,"no_face_scene_ok(clip=0.306,scene=0.37,cap_ok=False,person_page=False)"
0,"Imagine a young child sitting alone in a busy classroom, ignored by his classmates and misunderstood",scene_000_einstein,assets\images\scene_000_einstein\014.jpg,Albert Einstein (1879-1955),YouTube,https://i.ytimg.com/vi/2Hx0kF9PlQo/hq720.jpg,SerpAPI/GoogleImages,,1280,720,a man with a mustache and a black background,0.3271598517894745,0.09094750136137009,,0,"no_face_scene_ok(clip=0.327,scene=0.09,cap_ok=False,person_page=False)"
-1,,albert-einstein-archival-image,assets\images\albert-einstein-archival-image\015.jpg,Albert Einstein (1879/1955),in.pinterest.com,https://i.pinimg.com/736x/fe/79/79/fe79791d9d558e6e0bb782163a62bfcf.jpg,SerpAPI/GoogleImages,,1280,720,an old man with a mustache and a green coat,0.32162681221961975,0.0,,0,"no_face_scene_ok(clip=0.322,scene=0.00,cap_ok=False,person_page=False)"
0,"Imagine a young child sitting alone in a busy classroom, ignored by his classmates and misunderstood",scene_000_einstein,assets\images\scene_000_einstein\016.jpg,The flight from miracle,"A.N. Gorban, G.S. Yablonsky",https://upload.wikimedia.org/wikipedia/commons/3/36/The_flight_from_miracle.png,CC BY 3.0,https://creativecommons.org/licenses/by/3.0,1280,720,the four stages of the new law,0.22027449309825897,0.058506812900304794,,0,"no_face_scene_ok(clip=0.220,scene=0.06,cap_ok=False,person_page=False)"
-1,,albert-einstein-archival-image,assets\images\albert-einstein-archival-image\017.jpg,Albert Einstein (1879–1955) - JNS.org,Jewish News Syndicate,https://me.jnsi.org/uploads/2018/03/Einstein_BenGurion-1320x880.png,SerpAPI/GoogleImages,,1280,720,two older people sitting on a bench in a garden,0.31272855401039124,0.0,,0,"no_face_scene_ok(clip=0.313,scene=0.00,cap_ok=False,person_page=False)"
0,"Imagine a young child sitting alone in a busy classroom, ignored by his classmates and misunderstood",scene_000_einstein,assets\images\scene_000_einstein\018.jpg,"Wikidata Days Bologna 2024 - Wikifunctions, Abstract Wikipedia e voi",Sannita (WMF),https://upload.wikimedia.org/wikipedia/commons/thumb/b/b7/Wikidata_Days_Bologna_2024_-_Wikifunctions%2C_Abstract_Wikipedia_e_voi.pdf/page1-2200px-Wikidata_Days_Bologna_2024_-_Wikifunctions%2C_Abstract_Wikipedia_e_voi.pdf.jpg,CC BY-SA 4.0,https://creativecommons.org/licenses/by-sa/4.0,1280,720,"wikintoss, abstract wikipediaia evi",0.15954436361789703,0.0750095322728157,,0,"no_face_scene_ok(clip=0.160,scene=0.08,cap_ok=False,person_page=False)"
0,"Imagine a young child sitting alone in a busy classroom, ignored by his classmates and misunderstood",scene_000_einstein,assets\images\scene_000_einstein\019.jpg,"Conceptual image showing cutout hands reaching for a peace dove, symbolizing hope.",Artem Podrez,https://images.pexels.com/photos/7048017/pexels-photo-7048017.jpeg,Pexels,https://www.pexels.com/,1280,720,a person holding a paper bird in their hands,0.2023324817419052,0.14635740220546722,,0,"no_face_scene_ok(clip=0.202,scene=0.15,cap_ok=False,person_page=False)"
0,"Imagine a young child sitting alone in a busy classroom, ignored by his classmates and misunderstood",scene_000_einstein,assets\images\scene_000_einstein\020.jpg,"ESA - Albert Einstein, 1879 - 1955",European Space Agency,https://www.esa.int/var/esa/storage/images/esa_multimedia/images/2002/01/albert_einstein_1879_-_1955/9165007-5-eng-GB/Albert_Einstein_1879_-_1955_pillars.jpg,SerpAPI/GoogleImages,,1280,720,"albert einstein, the inventor of the world ' s most inventions",0.3018468916416168,0.568463017543157,,0,"no_face_scene_ok(clip=0.302,scene=0.57,cap_ok=True,person_page=False)"
0,"Imagine a young child sitting alone in a busy classroom, ignored by his classmates and misunderstood",scene_000_einstein,assets\images\scene_000_einstein\021.jpg,"ESA - Albert Einstein, 1879 - 1955",European Space Agency,https://www.esa.int/var/esa/storage/images/esa_multimedia/images/2011/05/albert_einstein_1879_-_1955/9518363-4-eng-GB/Albert_Einstein_1879_-_1955_pillars.jpg,SerpAPI/GoogleImages,,1280,720,a black and white photo of a man with long hair,0.33511966466903687,0.09623724967241287,,0,"no_face_scene_ok(clip=0.335,scene=0.10,cap_ok=False,person_page=False)"
0,"Imagine a young child sitting alone in a busy classroom, ignored by his classmates and misunderstood",scene_000_einstein,assets\images\scene_000_einstein\022.jpg,Albert Einstein,History.com,"https://res.cloudinary.com/aenetworks/image/upload/c_fill,w_1200,h_630,g_auto/dpr_auto/f_auto/q_auto:eco/v1/albert-einstein-gettyimages-544750041",SerpAPI/GoogleImages,,1280,720,albert einstein in his office,0.30580902099609375,0.5257824261983236,,0,"no_face_scene_ok(clip=0.306,scene=0.53,cap_ok=False,person_page=False)"
-1,,albert-einstein-archival-image,assets\images\albert-einstein-archival-image\023.jpg,Albert Einstein,History.com,"https://res.cloudinary.com/aenetworks/image/upload/c_fill,ar_2,w_3840,h_1920,g_auto/dpr_auto/f_auto/q_auto:eco/v1/albert-einstein-gettyimages-544750041",SerpAPI/GoogleImages,,1280,720,"albert einstein, the inventor of the modern age",0.3032081127166748,0.0,,0,"no_face_scene_ok(clip=0.303,scene=0.00,cap_ok=False,person_page=False)"
-1,,albert-einstein-portrait-photograph,assets\images\albert-einstein-portrait-photograph\024.jpg,Picture of Albert Einstein (1879-1955),MeisterDrucke · In stock,https://www.meisterdrucke.us/kunstwerke/1260px/Ferdinand_Schmutzer_-_Picture_of_Albert_Einstein_%281879-1955%29_-_%28MeisterDrucke-1502883%29.jpg,SerpAPI/GoogleImages,,1280,720,a man in a hat and coat posing for a photo,0.32053637504577637,0.0,,0,"no_face_scene_ok(clip=0.321,scene=0.00,cap_ok=False,person_page=False)"
0,"Imagine a young child sitting alone in a busy classroom, ignored by his classmates and misunderstood",scene_000_einstein,assets\images\scene_000_einstein\025.jpg,A captivating night cityscape featuring Albert Dock in Liverpool with an illuminated Ferris wheel.,Neil Martin,https://images.pexels.com/photos/465655/pexels-photo-465655.jpeg,Pexels,https://www.pexels.com/,1280,720,a large body of water,0.18761524558067322,0.018241947516798973,,0,"no_face_scene_ok(clip=0.188,scene=0.02,cap_ok=False,person_page=False)"
-1,,albert-einstein-archival-image,assets\images\albert-einstein-archival-image\026.jpg,Albert Einstein (1879–1955) | World News | clevelandjewishnews.com,Cleveland Jewish News,https://bloximages.chicago2.vip.townnews.com/clevelandjewishnews.com/content/tncms/assets/v3/editorial/a/7a/a7aa3c28-27b0-11e8-9413-576aa948a929/5aa961cf8a6f4.image.jpg,SerpAPI/GoogleImages,,1280,720,a man with a mustache and a suit,0.3218473196029663,0.0,,0,"no_face_scene_ok(clip=0.322,scene=0.00,cap_ok=False,person_page=False)"
0,"Imagine a young child sitting alone in a busy classroom, ignored by his classmates and misunderstood",scene_000_einstein,assets\images\scene_000_einstein\027.jpg,Portrait of Albert Einstein (1879-1955),MeisterDrucke · In stock,https://www.meisterdrucke.us/kunstwerke/1260px/Ferdinand_Schmutzer_-_Picture_of_Albert_Einstein_%281879-1955%29_-_%28MeisterDrucke-1512255%29.jpg,SerpAPI/GoogleImages,,1280,720,a man in a suit and tie sitting at a table,0.32489919662475586,0.022344715893268585,,0,"no_face_scene_ok(clip=0.325,scene=0.02,cap_ok=False,person_page=False)"
0,"Imagine a young child sitting alone in a busy classroom, ignored by his classmates and misunderstood",scene_000_einstein,assets\images\scene_000_einstein\028.jpg,"Albert Einstein (1879-1955), American physicist.",Galerie Roger-Viollet,https://www.galerie-roger-viollet.fr/image-photo/albert-einstein-1879-1955-american-physicist-769707-1440-65175588.jpg,SerpAPI/GoogleImages,,1280,720,a man sitting at a desk with a pen and paper,0.33114656805992126,0.09878548234701157,,0,"no_face_scene_ok(clip=0.331,scene=0.10,cap_ok=False,person_page=False)"
0,"Imagine a young child sitting alone in a busy classroom, ignored by his classmates and misunderstood",scene_000_einstein,assets\images\scene_000_einstein\029.jpg,"
First Day Cover commemorating Albert Einstein","Hamori, George",https://upload.wikimedia.org/wikipedia/commons/thumb/f/fe/First_Day_Cover_commemorating_Albert_Einstein_-_DPLA_-_fa084a39a331c5bdd692cf67518d1bb8.jpg/2200px-First_Day_Cover_commemorating_Albert_Einstein_-_DPLA_-_fa084a39a331c5bdd692cf67518d1bb8.jpg,Public domain,,1280,720,an envelope with a stamp on it,0.24958902597427368,0.08167225867509842,,0,"no_face_scene_ok(clip=0.250,scene=0.08,cap_ok=False,person_page=False)"
0,"Imagine a young child sitting alone in a busy classroom, ignored by his classmates and misunderstood",scene_000_einstein,assets\images\scene_000_einstein\030.jpg,Albert Einstein - Wikipedia,"Wikipedia, the free encyclopedia",https://upload.wikimedia.org/wikipedia/commons/2/28/Albert_Einstein_Head_cleaned.jpg,SerpAPI/GoogleImages,,1280,720,"albert einstein, by unknown unknown unknown unknown unknown unknown unknown unknown unknown unknown unknown unknown unknown unknown unknown unknown unknown",0.3379800319671631,0.5414402385552725,,0,"no_face_scene_ok(clip=0.338,scene=0.54,cap_ok=False,person_page=False)"
0,"Imagine a young child sitting alone in a busy classroom, ignored by his classmates and misunderstood",scene_000_einstein,assets\images\scene_000_einstein\031.jpg,"Albert Einstein (1879-1955), German physicist and",Galerie Roger-Viollet,https://www.galerie-roger-viollet.fr/image-photo/albert-einstein-1879-1955-german-physicist-and-642004-1440-1961405804.jpg,SerpAPI/GoogleImages,,1280,720,a group of men sitting at a table,0.2813479006290436,0.020687587559223175,,0,"no_face_scene_ok(clip=0.281,scene=0.02,cap_ok=False,person_page=False)"
-1,,albert-einstein-archival-image,assets\images\albert-einstein-archival-image\032.jpg,Portrait of Albert Einstein (1879 - 1955) - The Online Portrait Gallery,The Online Portrait Gallery,https://onlineportraitgallery.b-cdn.net/wp-content/uploads/2023/02/SKMBT_C20323012618561-scaled.jpg,SerpAPI/GoogleImages,,1280,720,a drawing of a man in a graduation gown,0.2761586904525757,0.0,,0,"no_face_scene_ok(clip=0.276,scene=0.00,cap_ok=False,person_page=False)"
-1,,albert-einstein-1879,assets\images\albert-einstein-1879\033.jpg,Albert Einstein (1879–1955) | Art UK,Art UK,https://d3d00swyhr67nd.cloudfront.net/w944h944/collection/CDNII/BUG/CDNII_BUG_1988_46-001.jpg,SerpAPI/GoogleImages,,1280,720,a drawing of a man with curly hair,0.32296839356422424,0.0,,0,"no_face_scene_ok(clip=0.323,scene=0.00,cap_ok=False,person_page=False)"
-1,,albert-einstein-portrait-photograph,assets\images\albert-einstein-portrait-photograph\034.jpg,Albert Einstein (1879–1955) | Art UK,Art UK,https://d3d00swyhr67nd.cloudfront.net/w1200h1200/collection/NID/QUB/NID_QUB_QUB_188-001.jpg,SerpAPI/GoogleImages,,1280,720,a painting of an older man with white hair and a white beard,0.34869128465652466,0.0,,0,"no_face_scene_ok(clip=0.349,scene=0.00,cap_ok=False,person_page=False)"
-1,,albert-einstein-his-own-way,assets\images\albert-einstein-his-own-way\035.jpg,Albert Einstein (1879–1955) | Art UK,Art UK,https://d3d00swyhr67nd.cloudfront.net/w1200h1200/collection/LW/SCMU/LW_SCMU_1952_292-006.jpg,SerpAPI/GoogleImages,,1280,720,a sculpture of a man with a beard and a beard,0.27247321605682373,0.0,,0,"no_face_scene_ok(clip=0.272,scene=0.00,cap_ok=False,person_page=False)"
-1,,albert-einstein-his-own-way,assets\images\albert-einstein-his-own-way\036.jpg,Albert Einstein (1879–1955) | Art UK,Art UK,https://d3d00swyhr67nd.cloudfront.net/w1200h1200/collection/WYL/LU/WYL_LU_LEEUA_2009_029-003.jpg,SerpAPI/GoogleImages,,1280,720,a bronze bust of a man with a beard and a beard,0.2600712180137634,0.0,,0,"no_face_scene_ok(clip=0.260,scene=0.00,cap_ok=False,person_page=False)"
0,"Imagine a young child sitting alone in a busy classroom, ignored by his classmates and misunderstood",scene_000_einstein,assets\images\scene_000_einstein\037.jpg,Vivid street art mural of Einstein on New York City building exterior at dusk.,Douglas Schneiders,https://images.pexels.com/photos/30950148/pexels-photo-30950148.jpeg,Pexels,https://www.pexels.com/,1280,720,a mural of a man with a heart on a building,0.24850907921791077,0.1883031725883484,,0,"no_face_scene_ok(clip=0.249,scene=0.19,cap_ok=False,person_page=False)"
0,"Imagine a young child sitting alone in a busy classroom, ignored by his classmates and misunderstood",scene_000_einstein,assets\images\scene_000_einstein\038.jpg,"Image of Picture of Albert Einstein (1879-1955), 1921 (photo) by Schmutzer,  Ferdinand (1870-1928)",Bridgeman Images,https://images-cdn.bridgemanimages.com/api/1.0/image/600wm.XXX.82904980.7055475/8937749.jpg,SerpAPI/GoogleImages,,1280,720,a man sitting in a chair with a laptop,0.3084474802017212,0.037658561021089554,,0,"no_face_scene_ok(clip=0.308,scene=0.04,cap_ok=False,person_page=False)"
0,"Imagine a young child sitting alone in a busy classroom, ignored by his classmates and misunderstood",scene_000_einstein,assets\images\scene_000_einstein\039.jpg,"
Albert Einstein, sa femme Elsa et le vicomte Richard Burdon Haldane au King's College à Londres en Angleterre : photographie de presse / Agence Rol",Agence Rol,https://upload.wikimedia.org/wikipedia/commons/thumb/4/45/Albert_Einstein%2C_sa_femme_Elsa_et_le_vicomte_Richard_Burdon_Haldane_au_King%27s_College_%C3%A0_Londres_en_Angleterre_-_btv1b53067852g.jpg/2200px-Albert_Einstein%2C_sa_femme_Elsa_et_le_vicomte_Richard_Burdon_Haldane_au_King%27s_College_%C3%A0_Londres_en_Angleterre_-_btv1b53067852g.jpg,Public domain,,1280,720,a black and white photo of three men,0.31073930859565735,0.11237647384405136,,0,"no_face_scene_ok(clip=0.311,scene=0.11,cap_ok=False,person_page=False)"
0,"Imagine a young child sitting alone in a busy classroom, ignored by his classmates and misunderstood",scene_000_einstein,assets\images\scene_000_einstein\040.jpg,Scientist Albert Einstein,YouTube,https://i.ytimg.com/vi/_-h3tB5LXZE/maxresdefault.jpg,SerpAPI/GoogleImages,,1280,720,albert einstein quote,0.32619708776474,0.5578742424647013,,0,"no_face_scene_ok(clip=0.326,scene=0.56,cap_ok=True,person_page=False)"
0,"Imagine a young child sitting alone in a busy classroom, ignored by his classmates and misunderstood",scene_000_einstein,assets\images\scene_000_einstein\041.jpg,"March 14, 1879: Albert Einstein Is Born | The Nation",The Nation,https://www.thenation.com/wp-content/uploads/2015/05/einstein_img.jpg,SerpAPI/GoogleImages,,1280,720,a man in a suit and tie sitting in front of a chalk board,0.31324249505996704,0.1422082632780075,,0,"no_face_scene_ok(clip=0.313,scene=0.14,cap_ok=False,person_page=False)"
0,"Imagine a young child sitting alone in a busy classroom, ignored by his classmates and misunderstood",scene_000_einstein,assets\images\scene_000_einstein\042.jpg,Einstein's landing card (5706142737),ukhomeoffice,https://upload.wikimedia.org/wikipedia/commons/7/78/Einstein%27s_landing_card_%285706142737%29.jpg,CC BY 2.0,https://creativecommons.org/licenses/by/2.0,1280,720,a receipt from the netherlands with signatures,0.26010632514953613,0.04646134376525879,,0,"no_face_scene_ok(clip=0.260,scene=0.05,cap_ok=False,person_page=True)"
0,"Imagine a young child sitting alone in a busy classroom, ignored by his classmates and misunderstood",scene_000_einstein,assets\images\scene_000_einstein\043.jpg,"albert einstein, einstein, black white, portrait, scientist, genius, science, albert einstein, albert einstein, albert einstein, albert einstein, albert einstein, einstein",Fractals99,https://pixabay.com/get/g2184cf3d298bd9c46598a830cc310209acc965f5ecf55e365061f057d129c86f74105b331fbe0781864676ec71b9aa23f851646921ecde51d70385ef15c89d39_1280.jpg,Pixabay,https://pixabay.com/,1280,720,"albert einstein, the genius of the universe",0.3055393099784851,0.5376549164454142,,0,"no_face_scene_ok(clip=0.306,scene=0.54,cap_ok=False,person_page=False)"
0,"Imagine a young child sitting alone in a busy classroom, ignored by his classmates and misunderstood",scene_000_einstein,assets\images\scene_000_einstein\044.jpg,Presentazione Wikifunctions & Abstract Wikipedia itWikiCon 2025,Sannita (WMF),https://upload.wikimedia.org/wikipedia/commons/thumb/a/aa/Presentazione_Wikifunctions_%26_Abstract_Wikipedia_itWikiCon_2025.pdf/page1-2200px-Presentazione_Wikifunctions_%26_Abstract_Wikipedia_itWikiCon_2025.pdf.jpg,CC BY-SA 4.0,https://creativecommons.org/licenses/by-sa/4.0,1280,720,"the words viklons, astravipia evi",0.18054276704788208,0.15682804584503174,,0,"no_face_scene_ok(clip=0.181,scene=0.16,cap_ok=False,person_page=False)"
0,"Imagine a young child sitting alone in a busy classroom, ignored by his classmates and misunderstood",scene_000_einstein,assets\images\scene_000_einstein\045.jpg,Albert Einstein 1879 - 1955 | Transformation From 3 to 76 Years Old,YouTube,https://i.ytimg.com/vi/2LDPVD5q59o/hq720.jpg,SerpAPI/GoogleImages,,1280,720,albert einstein and the quote that says it all,0.3268265128135681,0.5442057847976685,,0,"no_face_scene_ok(clip=0.327,scene=0.54,cap_ok=False,person_page=False)"
0,"Imagine a young child sitting alone in a busy classroom, ignored by his classmates and misunderstood",scene_000_einstein,assets\images\scene_000_einstein\046.jpg,"Albert Einstein (1879-1955), German physicist naturalized",Galerie Roger-Viollet,https://www.galerie-roger-viollet.fr/image-photo/albert-einstein-1879-1955-german-physicist-698420-1440-1115216326.jpg,SerpAPI/GoogleImages,,1280,720,a black and white photo of a man with a mustache,0.3540061116218567,0.09053374081850052,,0,"no_face_scene_ok(clip=0.354,scene=0.09,cap_ok=False,person_page=False)"
0,"Imagine a young child sitting alone in a busy classroom, ignored by his classmates and misunderstood",scene_000_einstein,assets\images\scene_000_einstein\047.jpg,"Albert Einstein (1879-1955), German physicist naturalized",Galerie Roger-Viollet,https://www.galerie-roger-viollet.fr/image-photo/albert-einstein-1879-1955-german-physicist-447492-1440-2753998666.jpg,SerpAPI/GoogleImages,,1280,720,a black and white photo of a man with a mustache,0.360941618680954,0.09053374081850052,,0,"no_face_scene_ok(clip=0.361,scene=0.09,cap_ok=False,person_page=False)"
0,"Imagine a young child sitting alone in a busy classroom, ignored by his classmates and misunderstood",scene_000_einstein,assets\images\scene_000_einstein\048.jpg,"albert einstein, einstein, genius, scientist, science, physicist, mathematician, physics, portrait, albert einstein, albert einstein, albert einstein, albert einstein, albert einstein, einstein",Fractals99,https://pixabay.com/get/g1c5f3a3736ddc3404ddf90776e058ed919039ebcf9b153f2ce8144ce50c37a217a03c5093ec5a62afdbb03018c0ff99250070a76ef580a8103b5b4ac76650a11_1280.jpg,Pixabay,https://pixabay.com/,1280,720,a man with a beard and a mustache,0.3106118440628052,0.017803143709897995,,0,"no_face_scene_ok(clip=0.311,scene=0.02,cap_ok=False,person_page=False)"
0,"Imagine a young child sitting alone in a busy classroom, ignored by his classmates and misunderstood",scene_000_einstein,assets\images\scene_000_einstein\049.jpg,Some unknown information about Albert Einstein (1879-1955) — Steemit,Steemit,https://steemitimages.com/DQmUkXcRVTdKb97553E3Pwmr7zJzQ4qwc55RqcFR3PUZmR7/e1.jpg,SerpAPI/GoogleImages,,1280,720,"albert einstein, the genius of the universe",0.31205832958221436,0.5376549164454142,,0,"no_face_scene_ok(clip=0.312,scene=0.54,cap_ok=False,person_page=False)"
0,"Imagine a young child sitting alone in a busy classroom, ignored by his classmates and misunderstood",scene_000_einstein,assets\images\scene_000_einstein\050.jpg,"Historical ON THIS DATE: March 14, 1879 - Birth of Albert Einstein -  Context: Milestone in Physics and",NightCafe,https://images.nightcafe.studio/ik-seo/jobs/NKZFrxLGMw7A9HadMQ0u/NKZFrxLGMw7A9HadMQ0u--1--9wzsw/historical-on-this-date-march-14-1879-birth-of-albert-einstein-context-milestone-in-physics-and-math.jpg,SerpAPI/GoogleImages,,1280,720,an old photo of a man with a mustache,0.3204125165939331,0.07867632806301117,,0,"no_face_scene_ok(clip=0.320,scene=0.08,cap_ok=False,person_page=False)"
-1,,albert-einstein-archival-image,assets\images\albert-einstein-archival-image\051.jpg,"albert einstein and niels bohr, casual, discussion, 20th century personalities, niels henrik david bohr, niels bohr danish physicist, einstein theoretical physicist, genius, celebrity, personality, person, people, famous man, famous men, big man, einstein 1879-1955, 76 years old, niels bohr 1885-1962, 77 years old, black and white photo, genius, genius, genius, genius, genius",janeb13,https://pixabay.com/get/g041ce89d9c2279290a85a70aeb9602b0fe75b17c90030a3c86c560b328ac0283266f563eead66c25a4b9275d2f6e4fc0fbb5b5c156614c9fdb77728924ee0e90_1280.jpg,Pixabay,https://pixabay.com/,1280,720,two men sitting in a chair with one holding a cigarette,0.25530898571014404,0.0,,0,"no_face_scene_ok(clip=0.255,scene=0.00,cap_ok=False,person_page=False)"
0,"Imagine a young child sitting alone in a busy classroom, ignored by his classmates and misunderstood",scene_000_einstein,assets\images\scene_000_einstein\052.jpg,Albert Einstein (1879-1955) History (18 x 24) - Walmart.com,Walmart,https://i5.walmartimages.com/seo/Albert-Einstein-1879-1955-History-18-x-24_56ce57c6-180c-43fc-b966-48fa9e9b769e.72f00ce11a859bcf4d0b94d8d57de56a.jpeg,SerpAPI/GoogleImages,,1280,720,a black and white photo of albert einstein,0.335689902305603,0.5476183692614237,,0,"no_face_scene_ok(clip=0.336,scene=0.55,cap_ok=False,person_page=False)"
0,"Imagine a young child sitting alone in a busy classroom, ignored by his classmates and misunderstood",scene_000_einstein,assets\images\scene_000_einstein\053.jpg,Albert Einstein (1879-1955) History (18 x 24) - Walmart.com,Walmart,https://i5.walmartimages.com/asr/dd4d5947-f200-4fd6-952a-95fdd84b1358.f7373fa27ec603f6e1eef8b2c6803535.jpeg,SerpAPI/GoogleImages,,1280,720,"albert einstein, the inventor and inventor who invented the world ' s first nuclear nuclear power",0.3341774344444275,0.4047827124595642,,0,"no_face_scene_ok(clip=0.334,scene=0.40,cap_ok=False,person_page=False)"
0,"Imagine a young child sitting alone in a busy classroom, ignored by his classmates and misunderstood",scene_000_einstein,assets\images\scene_000_einstein\054.jpg,Albert Einstein (1879 - 1955) by Yousuf Karsh,Pinterest,https://i.pinimg.com/736x/ca/2b/44/ca2b44f18de37ad9c668faae04d16b3a.jpg,SerpAPI/GoogleImages,,1280,720,an old man smoking a cigarette,0.33034008741378784,0.04346025362610817,,0,"no_face_scene_ok(clip=0.330,scene=0.04,cap_ok=False,person_page=False)"
0,"Imagine a young child sitting alone in a busy classroom, ignored by his classmates and misunderstood",scene_000_einstein,assets\images\scene_000_einstein\055.jpg,"Albert Einstein, 1879 - 1955. German born theoretical physicist. Amongst  many accomplishments he posited theories of General Relativity, Special  Relativity, and mass–energy equivalence Stock Photo - Alamy",Alamy,https://c8.alamy.com/comp/2G9P196/albert-einstein-1879-1955-german-born-theoretical-physicist-amongst-many-accomplishments-he-posited-theories-of-general-relativity-special-relativity-and-massenergy-equivalence-2G9P196.jpg,SerpAPI/GoogleImages,,1280,720,"a black and white photo of a man with a mustache and a mousty mustache, looking at the",0.3520333170890808,0.10832370817661285,,0,"no_face_scene_ok(clip=0.352,scene=0.11,cap_ok=False,person_page=False)"
-1,,albert-einstein-archival-image,assets\images\albert-einstein-archival-image\056.jpg,Albert Einstein 1879-1955 German-born Theoretical Physicist Editorial Stock  Photo - Stock Image | Shutterstock Editorial,Shutterstock,https://www.shutterstock.com/editorial/image-editorial/N4jaA447N3j5M5w1NDkyOA==/albert-einstein-1879-1955-german-born-theoretical-physicist-who-1500w-6044519qd.jpg,SerpAPI/GoogleImages,,1280,720,"albert einstein, the inventor and inventor of the modern age",0.36460521817207336,0.0,,0,"no_face_scene_ok(clip=0.365,scene=0.00,cap_ok=False,person_page=False)"
-1,,albert-einstein-archival-image,assets\images\albert-einstein-archival-image\057.jpg,Albert Einstein 01 1870 Bahnhofstr 20 Wohnhaus Weil Erlanger S0605 2015,Unknown authorUnknown author,https://upload.wikimedia.org/wikipedia/commons/thumb/1/17/Albert_Einstein_01_1870_Bahnhofstr_20_Wohnhaus_Weil_Erlanger_S0605_2015.jpg/2200px-Albert_Einstein_01_1870_Bahnhofstr_20_Wohnhaus_Weil_Erlanger_S0605_2015.jpg,Public domain,,1280,720,a drawing of a building with a clock on the front,0.20093972980976105,0.0,,0,"no_face_scene_ok(clip=0.201,scene=0.00,cap_ok=False,person_page=False)"
0,"Imagine a young child sitting alone in a busy classroom, ignored by his classmates and misunderstood",scene_000_einstein,assets\images\scene_000_einstein\058.jpg,Germany / USA: Albert Einstein (1879-1955) - Album alb5536298,Album Online,https://www.album-online.com/photos/prev/NmIzYzY1MA/album_alb5536298.jpg,SerpAPI/GoogleImages,,1280,720,albert einstein photo,0.3461509943008423,0.5387720863024393,,0,"no_face_scene_ok(clip=0.346,scene=0.54,cap_ok=False,person_page=False)"
0,"Imagine a young child sitting alone in a busy classroom, ignored by his classmates and misunderstood",scene_000_einstein,assets\images\scene_000_einstein\059.jpg,"Albert Einstein, (1879-1955), Physicist - SuperStock",SuperStock,https://www.superstock.com/cdn/486/Comp/486-334.webp,SerpAPI/GoogleImages,,1280,720,"person, portrait of the composer person, ca",0.3681996762752533,0.17735473811626434,,0,"no_face_scene_ok(clip=0.368,scene=0.18,cap_ok=False,person_page=False)"
0,"Imagine a young child sitting alone in a busy classroom, ignored by his classmates and misunderstood",scene_000_einstein,assets\images\scene_000_einstein\060.jpg,"Germany / USA: Albert Einstein (1879-1955), studio portrait,1894, aged c.  15 years - Album alb8373064",Album Online,https://www.album-online.com/photos/prev/MjEwN2VhMA/album_alb8373064.jpg,SerpAPI/GoogleImages,,1280,720,a black and white photo of a man sitting on the ground,0.3311023414134979,0.14194537699222565,,0,"no_face_scene_ok(clip=0.331,scene=0.14,cap_ok=False,person_page=False)"
0,"Imagine a young child sitting alone in a busy classroom, ignored by his classmates and misunderstood",scene_000_einstein,assets\images\scene_000_einstein\061.jpg,"Einstein, The Centennial Year: 1879-1979 | MIT Museum",MIT Museum,"https://assets.mitmuseum.mit.edu/iiifimg3/52728125/full/800,/0/default.jpg",SerpAPI/GoogleImages,,1280,720,einstein einstein einstein einstein einstein einstein einstein einstein einstein einstein einstein einstein einstein einstein einstein einstein einstein einstein einstein einstein einstein,0.32578280568122864,0.26561233401298523,,0,"no_face_scene_ok(clip=0.326,scene=0.27,cap_ok=False,person_page=False)"
0,"Imagine a young child sitting alone in a busy classroom, ignored by his classmates and misunderstood",scene_000_einstein,assets\images\scene_000_einstein\062.jpg,TRANSCEND MEDIA SERVICE » Albert Einstein (14 Mar 1879 – 18 Apr 1955),TRANSCEND International,https://www.transcend.org/tms/wp-content/uploads/2015/06/einstein2.jpg,SerpAPI/GoogleImages,,1280,720,a black and white photo of a man with a mustache,0.3302704989910126,0.09053374081850052,,0,"no_face_scene_ok(clip=0.330,scene=0.09,cap_ok=False,person_page=False)"
-1,,albert-einstein-authentic-photo,assets\images\albert-einstein-authentic-photo\063.jpg,TRANSCEND MEDIA SERVICE » Albert Einstein (14 Mar 1879 – 18 Apr 1955),TRANSCEND International,https://www.transcend.org/tms/wp-content/uploads/2015/06/einstein-maria.jpg,SerpAPI/GoogleImages,,1280,720,a young boy and girl pose for a photograph,0.285393089056015,0.0,,0,"no_face_scene_ok(clip=0.285,scene=0.00,cap_ok=False,person_page=False)"
0,"Imagine a young child sitting alone in a busy classroom, ignored by his classmates and misunderstood",scene_000_einstein,assets\images\scene_000_einstein\064.jpg,TRANSCEND MEDIA SERVICE » Albert Einstein (14 Mar 1879 – 18 Apr 1955),TRANSCEND International,https://www.transcend.org/tms/wp-content/uploads/2015/06/einstein7.jpg,SerpAPI/GoogleImages,,1280,720,"time magazine cover, august 21, 1939",0.30288103222846985,0.1543128788471222,,0,"no_face_scene_ok(clip=0.303,scene=0.15,cap_ok=False,person_page=False)"
-1,,albert-einstein-archival-image,assets\images\albert-einstein-archival-image\065.jpg,TRANSCEND MEDIA SERVICE » Albert Einstein (14 Mar 1879 – 18 Apr 1955),TRANSCEND International,https://www.transcend.org/tms/wp-content/uploads/2015/06/einstein4.jpg,SerpAPI/GoogleImages,,1280,720,a man with a mustache and a suit,0.32457056641578674,0.0,,0,"no_face_scene_ok(clip=0.325,scene=0.00,cap_ok=False,person_page=False)"
0,"Imagine a young child sitting alone in a busy classroom, ignored by his classmates and misunderstood",scene_000_einstein,assets\images\scene_000_einstein\066.jpg,Albert Einstein - 1879 - 1955 German - born theoretical physicist . He is  best known for his theory,IMAGO - Images,https://cdn.imago-images.com/bild/st/0059932821/w.jpg,SerpAPI/GoogleImages,,1280,720,a black and white photo of a man with a mustache,0.3281870186328888,0.09053374081850052,,0,"no_face_scene_ok(clip=0.328,scene=0.09,cap_ok=False,person_page=False)"
0,"Imagine a young child sitting alone in a busy classroom, ignored by his classmates and misunderstood",scene_000_einstein,assets\images\scene_000_einstein\067.jpg,"Prof. Albert Einstein, photo by Kadel & Herbert",Kadel &amp; Herbert,https://upload.wikimedia.org/wikipedia/commons/4/44/Prof._Albert_Einstein%2C_photo_by_Kadel_%26_Herbert.jpg,Public domain,,1280,720,a newspaper clipping of a man with a mustache,0.31030964851379395,0.02260490320622921,,0,"no_face_scene_ok(clip=0.310,scene=0.02,cap_ok=False,person_page=False)"
0,"Imagine a young child sitting alone in a busy classroom, ignored by his classmates and misunderstood",scene_000_einstein,assets\images\scene_000_einstein\068.jpg,The Story of Albert Einstein | History,Vocal Media,"https://res.cloudinary.com/jerrick/image/upload/c_scale,f_jpg,q_auto/680370aedb73cb001c35e23f.jpg",SerpAPI/GoogleImages,,1280,720,albert einstein the man who wrote the universe,0.3203981816768646,0.5473848382631937,,0,"no_face_scene_ok(clip=0.320,scene=0.55,cap_ok=False,person_page=False)"
-1,,albert-einstein-archival-image,assets\images\albert-einstein-archival-image\069.jpg,"
Einstein, Albert (1879-1955), Maturandenklasse im Herbst 1896 der Kantonsschule Aarau","
Unbekannt",https://upload.wikimedia.org/wikipedia/commons/thumb/5/5f/ETH-BIB-Einstein%2C_Albert_%281879-1955%29%2C_Maturandenklasse_im_Herbst_1896_der_Kantonsschule_Aarau-Portrait-Portr_10397.tif/lossy-page1-2200px-ETH-BIB-Einstein%2C_Albert_%281879-1955%29%2C_Maturandenklasse_im_Herbst_1896_der_Kantonsschule_Aarau-Portrait-Portr_10397.tif.jpg,Public domain,,1280,720,a group of men posing for a photo,0.281472772359848,0.0,,0,"no_face_scene_ok(clip=0.281,scene=0.00,cap_ok=False,person_page=False)"
0,"Imagine a young child sitting alone in a busy classroom, ignored by his classmates and misunderstood",scene_000_einstein,assets\images\scene_000_einstein\070.jpg,Albert Einstein - Achology,Achology,https://cdn.achology.com/wp-content/uploads/20240523101428/55-EntrepreneurshipLogic-will-get-you-from-A.jpg,SerpAPI/GoogleImages,,1280,720,a man with a beard and a quote on it,0.22049421072006226,0.1663057655096054,,0,"no_face_scene_ok(clip=0.220,scene=0.17,cap_ok=False,person_page=False)"
-1,,albert-einstein-archival-image,assets\images\albert-einstein-archival-image\071.jpg,"
Einstein, Albert (1879-1955), Einstein-Maric, Mileva (1875-1948)","
Unbekannt",https://upload.wikimedia.org/wikipedia/commons/thumb/f/ff/ETH-BIB-Einstein%2C_Albert_%281879-1955%29%2C_Einstein-Maric%2C_Mileva_%281875-1948%29-Portrait-Portr_03106.tif/lossy-page1-2200px-ETH-BIB-Einstein%2C_Albert_%281879-1955%29%2C_Einstein-Maric%2C_Mileva_%281875-1948%29-Portrait-Portr_03106.tif.jpg,Public domain,,1280,720,an old photo of a man and woman,0.29999199509620667,0.0,,0,"no_face_scene_ok(clip=0.300,scene=0.00,cap_ok=False,person_page=False)"
0,"Imagine a young child sitting alone in a busy classroom, ignored by his classmates and misunderstood",scene_000_einstein,assets\images\scene_000_einstein\072.jpg,Albert Einstein 1879-1955 German Mathematical Physicist Stock Photo - Alamy,Alamy,https://c8.alamy.com/comp/WK9TEP/albert-einstein-1879-1955-german-mathematical-physicist-WK9TEP.jpg,SerpAPI/GoogleImages,,1280,720,albert einstein portrait - stock image,0.3336280584335327,0.4019065201282501,,0,"no_face_scene_ok(clip=0.334,scene=0.40,cap_ok=False,person_page=False)"
0,"Imagine a young child sitting alone in a busy classroom, ignored by his classmates and misunderstood",scene_000_einstein,assets\images\scene_000_einstein\073.jpg,"Albert Einstein (1879-1955), German-Swiss theoretical physicist, as a small  child, 1880s. Artist: Unknown Stock Photo - Alamy",Alamy,https://c8.alamy.com/comp/W7CNBF/albert-einstein-1879-1955-german-swiss-theoretical-physicist-as-a-small-child-1880s-artist-unknown-W7CNBF.jpg,SerpAPI/GoogleImages,,1280,720,"a young boy in a suit and tie, sitting on a chair, with his hands on his hipss",0.3184690475463867,0.16461870074272156,,0,"no_face_scene_ok(clip=0.318,scene=0.16,cap_ok=False,person_page=False)"
0,"Imagine a young child sitting alone in a busy classroom, ignored by his classmates and misunderstood",scene_000_einstein,assets\images\scene_000_einstein\074.jpg,Albert Einstein 1879-1955 Portrait by Everett,Pixels Merch · In stock,https://images.fineartamerica.com/images/artworkimages/mediumlarge/1/albert-einstein-1879-1955-portrait-everett.jpg,SerpAPI/GoogleImages,,1280,720,a portrait of an old man with a white hair and blue eyes,0.33293431997299194,0.1646311730146408,,0,"no_face_scene_ok(clip=0.333,scene=0.16,cap_ok=False,person_page=False)"
0,"Imagine a young child sitting alone in a busy classroom, ignored by his classmates and misunderstood",scene_000_einstein,assets\images\scene_000_einstein\075.jpg,ArtStation - ALBERT EINSTEIN (1879-1955),ArtStation,https://cdnb.artstation.com/p/assets/covers/images/089/246/871/large/hoang-hi-u-hoang-hi-u-img-20250620-204549.jpg,SerpAPI/GoogleImages,,1280,720,"albert einstein, the first person to have a very long nose",0.3073654770851135,0.43015825748443604,,0,"no_face_scene_ok(clip=0.307,scene=0.43,cap_ok=False,person_page=False)"
0,"Imagine a young child sitting alone in a busy classroom, ignored by his classmates and misunderstood",scene_000_einstein,assets\images\scene_000_einstein\076.jpg,Albert Einstein about imagination and knowledge,Pinterest,https://i.pinimg.com/736x/ab/ec/33/abec3337a8baa43041129ae3879e254a.jpg,SerpAPI/GoogleImages,,1280,720,albert einstein quote,0.32301706075668335,0.5578742424647013,,0,"no_face_scene_ok(clip=0.323,scene=0.56,cap_ok=True,person_page=False)"
-1,,albert-einstein-archival-image,assets\images\albert-einstein-archival-image\077.jpg,Albert Einstein (1879-1955) and Ilya Ehrenburg (1891-1967).,Hermitage Fine Art,https://cdn.hermitagefineart.net/lots/6c/b9/df/6cb9dfb447f6_w2560.jpg,SerpAPI/GoogleImages,,1280,720,an old man and woman looking at a book,0.31267961859703064,0.0,,0,"no_face_scene_ok(clip=0.313,scene=0.00,cap_ok=False,person_page=False)"
0,"Imagine a young child sitting alone in a busy classroom, ignored by his classmates and misunderstood",scene_000_einstein,assets\images\scene_000_einstein\078.jpg,"Albert Einstein (1879-1955). /Namerican (German-Born) Theoretical  Physicist. Photographed By Lucien Aigner In Princeton, New Jersey, 1940.  Poster ...",Posterazzi · In stock,https://cdn11.bigcommerce.com/s-yzgoj/images/stencil/1280x1280/products/1609060/4968773/apit7ls7g__13645.1626855979.jpg,SerpAPI/GoogleImages,,1280,720,albert einstein smoking a pipe,0.3140246272087097,0.41744551062583923,,0,"no_face_scene_ok(clip=0.314,scene=0.42,cap_ok=False,person_page=False)"
-1,,albert-einstein-his-own-way,assets\images\albert-einstein-his-own-way\079.jpg,"celebrity forest, einstein, marie curie, einstein, einstein, marie curie, marie curie, marie curie, marie curie, marie curie",TOZ969,https://pixabay.com/get/g8f538463e20dda3f2713990f89b67854361d56dcbb5b6ef95c7c3de57edb5b8a70079804f945d52defd23c4d3e02618d898c4f9fbb3ccd69756e9e70bf386e2b_1280.jpg,Pixabay,https://pixabay.com/,1280,720,a row of statues of women in a park,0.2525842785835266,0.0,,0,"no_face_scene_ok(clip=0.253,scene=0.00,cap_ok=False,person_page=False)"
-1,,albert-einstein-einstein-imagination-questions,assets\images\albert-einstein-einstein-imagination-questions\080.jpg,"wall, graffitti, einstein, man, scientist, einstein, einstein, einstein, einstein, einstein, scientist, scientist",leakbio,https://pixabay.com/get/g7c087697caf65c49909c04ecac2e07794f91426a2548663f30980660bebbe7d9e3be53c0e0c3003344300c6461b1bc5f93326bc69d2fc43c4bc56c40401c83bf_1280.jpg,Pixabay,https://pixabay.com/,1280,720,a painting of albert on a wall,0.29498985409736633,0.0,,0,"no_face_scene_ok(clip=0.295,scene=0.00,cap_ok=False,person_page=False)"
0,"Imagine a young child sitting alone in a busy classroom, ignored by his classmates and misunderstood",scene_000_einstein,assets\images\scene_000_einstein\081.jpg,"Albert Einstein (1879-1955), German-bron theoretical physicist who  developed the general theory of relativity. - Album alb319691",Album Online,https://www.album-online.com/photos/prev/Y2RhNjg4MA/album_alb319691.jpg,SerpAPI/GoogleImages,,1280,720,albert einstein in his office,0.3275866210460663,0.5257824261983236,,0,"no_face_scene_ok(clip=0.328,scene=0.53,cap_ok=False,person_page=False)"
0,"Imagine a young child sitting alone in a busy classroom, ignored by his classmates and misunderstood",scene_000_einstein,assets\images\scene_000_einstein\082.jpg,Albert Einstein | World-famous theoretical physicist | New Scientist,New Scientist,https://images.newscientist.com/wp-content/uploads/2019/06/18142824/einstein.jpg,SerpAPI/GoogleImages,,1280,720,an old man with a pipe in his mouth,0.33204373717308044,0.10223749279975891,,0,"no_face_scene_ok(clip=0.332,scene=0.10,cap_ok=False,person_page=False)"
0,"Imagine a young child sitting alone in a busy classroom, ignored by his classmates and misunderstood",scene_000_einstein,assets\images\scene_000_einstein\083.jpg,"Albert Einstein Quote: “What you can't imagine, you can't discover.”",QuoteFancy,https://quotefancy.com/media/wallpaper/3840x2160/443232-Albert-Einstein-Quote-What-you-can-t-imagine-you-can-t-discover.jpg,SerpAPI/GoogleImages,,1280,720,albert einstein quote what you can imagine you can discover,0.2829529047012329,0.5585156281789144,,0,"no_face_scene_ok(clip=0.283,scene=0.56,cap_ok=True,person_page=False)"
0,"Imagine a young child sitting alone in a busy classroom, ignored by his classmates and misunderstood",scene_000_einstein,assets\images\scene_000_einstein\084.jpg,PPT - A Biography of Albert Einstein 1879-1955 PowerPoint Presentation -  ID:6073240,SlideServe,https://cdn3.slideserve.com/6073240/a-biography-of-albert-einstein-1879-1955-n.jpg,SerpAPI/GoogleImages,,1280,720,biography of albert einstein 1879,0.28039345145225525,0.6584927886724472,,0,"no_face_scene_ok(clip=0.280,scene=0.66,cap_ok=True,person_page=False)"
0,"Imagine a young child sitting alone in a busy classroom, ignored by his classmates and misunderstood",scene_000_einstein,assets\images\scene_000_einstein\085.jpg,Stunning view of the Albert Hall Museum in Jaipur with birds in flight against a clear sky.,Anil  Sharma,https://images.pexels.com/photos/31739860/pexels-photo-31739860.jpeg,Pexels,https://www.pexels.com/,1280,720,a large building with a tower and a clock,0.15578240156173706,0.05176049843430519,,0,"no_face_scene_ok(clip=0.156,scene=0.05,cap_ok=False,person_page=False)"
0,"Imagine a young child sitting alone in a busy classroom, ignored by his classmates and misunderstood",scene_000_einstein,assets\images\scene_000_einstein\086.jpg,Albert Einstein – Skirball Cincinnati,Skirball Cincinnati,https://csm.huc.edu/wp-content/uploads/2021/08/Albert-Einstein_huc_2019.7.3_01_20210730-DR.jpg,SerpAPI/GoogleImages,,1280,720,a bronze plaque depicting a man ' s face,0.30352017283439636,0.13636840879917145,,0,"no_face_scene_ok(clip=0.304,scene=0.14,cap_ok=False,person_page=False)"
0,"Imagine a young child sitting alone in a busy classroom, ignored by his classmates and misunderstood",scene_000_einstein,assets\images\scene_000_einstein\087.jpg,Albert Einstein – Imagination - Teach Different,Teach Different,https://teachdifferent.com/wp-content/uploads/2019/08/albert-einstein-11282050865o83h.jpg,SerpAPI/GoogleImages,,1280,720,a man with a white hair and a black shirt,0.2994399666786194,0.10327636450529099,,0,"no_face_scene_ok(clip=0.299,scene=0.10,cap_ok=False,person_page=False)"
0,"Imagine a young child sitting alone in a busy classroom, ignored by his classmates and misunderstood",scene_000_einstein,assets\images\scene_000_einstein\088.jpg,"Albert Einstein (1879-1955). /Ngerman-American Theoretical Physicist. At  His Home In Princeton, New Jersey. Photograph By Lucien Aigner, 1940, ...",Posterazzi · In stock,https://cdn11.bigcommerce.com/s-yzgoj/images/stencil/1280x1280/products/1614507/4977439/apit78wxb__04814.1626808948.jpg,SerpAPI/GoogleImages,,1280,720,an old man sitting in a chair with a pipe,0.32151898741722107,0.08194398880004883,,0,"no_face_scene_ok(clip=0.322,scene=0.08,cap_ok=False,person_page=False)"
-1,,albert-einstein-einstein-imagination-questions,assets\images\albert-einstein-einstein-imagination-questions\089.jpg,"Albert Einstein, from numbers to... | Gazette Drouot",Gazette Drouot,https://medias.gazette-drouot.com/prod/medias/mediatheque/98408.jpg,SerpAPI/GoogleImages,,1280,720,a piece of paper with a drawing of a square,0.2759729027748108,0.0,,0,"no_face_scene_ok(clip=0.276,scene=0.00,cap_ok=False,person_page=False)"
-1,,albert-einstein-his-own-way,assets\images\albert-einstein-his-own-way\090.jpg,"Try to become not a man of success, but try rather to become a man of value. Albert Einstein, 1879-1955 -pt","П. Бендель - editor Eugenio Hansen, OFS",https://upload.wikimedia.org/wikipedia/commons/thumb/6/69/Try_to_become_not_a_man_of_success%2C_but_try_rather_to_become_a_man_of_value._Albert_Einstein%2C_1879-1955_-pt.svg/2200px-Try_to_become_not_a_man_of_success%2C_but_try_rather_to_become_a_man_of_value._Albert_Einstein%2C_1879-1955_-pt.svg.png,CC BY-SA 4.0,https://creativecommons.org/licenses/by-sa/4.0,1280,720,albert albert quote on black background,0.3002404570579529,0.0,,0,"no_face_scene_ok(clip=0.300,scene=0.00,cap_ok=False,person_page=False)"
-1,,albert-einstein-1879,assets\images\albert-einstein-1879\091.jpg,The Incredible Life And Times of Albert Einstein : ScienceAlert,Science Alert,http://static2.businessinsider.com/image/5608a0aebd86ef14008bd5ba-1200/albert-einstein-was-born-in-ulm-germany-on-march-14-1879-to-pauline-koch-and-hermann-einstein.jpg,SerpAPI/GoogleImages,,1280,720,a man in a striped suit and bow tie,0.2760604918003082,0.0,,0,"no_face_scene_ok(clip=0.276,scene=0.00,cap_ok=False,person_page=False)"
0,"Imagine a young child sitting alone in a busy classroom, ignored by his classmates and misunderstood",scene_000_einstein,assets\images\scene_000_einstein\092.jpg,The Incredible Life And Times of Albert Einstein : ScienceAlert,Science Alert,http://static4.businessinsider.com/image/560b23929dd7cc10008bdf91-1200/after-two-years-as-a-patent-clerk-einstein-published-four-scientific-papers-in-quick-succession-in-the-prestigious-journal-annals-of-physics.jpg,SerpAPI/GoogleImages,,1280,720,a man in a suit sitting at a table,0.29792043566703796,0.009738640859723091,,0,"no_face_scene_ok(clip=0.298,scene=0.01,cap_ok=False,person_page=False)"
-1,,albert-einstein-1879,assets\images\albert-einstein-1879\093.jpg,The Incredible Life And Times of Albert Einstein : ScienceAlert,Science Alert,http://static2.businessinsider.com/image/5609979dbd86ef11008bd838-1200/the-same-year-einstein-became-the-worlds-most-famous-scientist-he-and-his-first-wife-filed-for-divorce.jpg,SerpAPI/GoogleImages,,1280,720,a black and white photo of a young woman with a bow,0.2302180826663971,0.0,,0,"no_face_scene_ok(clip=0.230,scene=0.00,cap_ok=False,person_page=False)"
0,"Imagine a young child sitting alone in a busy classroom, ignored by his classmates and misunderstood",scene_000_einstein,assets\images\scene_000_einstein\094.jpg,"Albert Einstein by Mishkin, 1921",Herman Mishkin. NY,https://upload.wikimedia.org/wikipedia/commons/thumb/3/3d/Albert_Einstein_by_Mishkin%2C_1921.png/1744px-Albert_Einstein_by_Mishkin%2C_1921.png,Public domain,,1280,720,a black and white photo of a man with curly hair,0.34988173842430115,0.11127042770385742,,0,"no_face_scene_ok(clip=0.350,scene=0.11,cap_ok=False,person_page=False)"
0,"Imagine a young child sitting alone in a busy classroom, ignored by his classmates and misunderstood",scene_000_einstein,assets\images\scene_000_einstein\095.jpg,"Albert Einstein (1879-1955) two letters, signed 1938. - Bukowskis",Bukowskis,https://d3tj81smxskx4e.cloudfront.net/g1ablYp6heUNAfbS3NDu0sB_HjC2nTD6OyKR5yRMbeM/s:2000:2000/rt:fit/sm:1/scp:1/q:75/fn:1158728-11633109_fullsize/czM6Ly9hdWt0aW9u/LXByb2R1Y3Rpb24v/aXRlbV9pbWFnZXMv/MTE1ODcyOC8xMTYz/MzEwOV9vcmlnaW5h/bC5qcGc,SerpAPI/GoogleImages,,1280,720,two letters from the letter to the president,0.2344379723072052,0.09579666703939438,,0,"no_face_scene_ok(clip=0.234,scene=0.10,cap_ok=False,person_page=False)"
0,"Imagine a young child sitting alone in a busy classroom, ignored by his classmates and misunderstood",scene_000_einstein,assets\images\scene_000_einstein\096.jpg,"Albert Einstein (1879-1955) two letters, signed 1938. - Bukowskis",Bukowskis,https://d3tj81smxskx4e.cloudfront.net/6g_GS7NCd1m7n9bkDwD7sdxD5egT3GQd5DEw6luACG0/s:2000:2000/rt:fit/sm:1/scp:1/q:75/fn:1158728-11633117_fullsize/czM6Ly9hdWt0aW9u/LXByb2R1Y3Rpb24v/aXRlbV9pbWFnZXMv/MTE1ODcyOC8xMTYz/MzExN19vcmlnaW5h/bC5qcGc,SerpAPI/GoogleImages,,1280,720,a letter from the president of the united states,0.2717239260673523,0.15266163647174835,,0,"no_face_scene_ok(clip=0.272,scene=0.15,cap_ok=False,person_page=False)"
-1,,albert-einstein-portrait-photograph,assets\images\albert-einstein-portrait-photograph\097.jpg,Albert Einstein (1879-1955) #9 by Granger,Granger Art on Demand,https://images.fineartamerica.com/images-medium-large-5/9-albert-einstein-1879-1955-granger.jpg,SerpAPI/GoogleImages,,1280,720,a black and white drawing of a man with a mustache,0.32606232166290283,0.0,,0,"no_face_scene_ok(clip=0.326,scene=0.00,cap_ok=False,person_page=False)"
0,"Imagine a young child sitting alone in a busy classroom, ignored by his classmates and misunderstood",scene_000_einstein,assets\images\scene_000_einstein\098.jpg,Albert Einstein | PPTX,Slideshare,https://image.slidesharecdn.com/alberteinstien-12863050113155-phpapp02/75/Albert-Einstein-1-2048.jpg,SerpAPI/GoogleImages,,1280,720,"albert einstein, the inventor and inventor who invented the world",0.311484694480896,0.5854881405830383,,0,"no_face_scene_ok(clip=0.311,scene=0.59,cap_ok=True,person_page=False)"
0,"Imagine a young child sitting alone in a busy classroom, ignored by his classmates and misunderstood",scene_000_einstein,assets\images\scene_000_einstein\099.jpg,Albert einstein | PPTX,Slideshare,https://image.slidesharecdn.com/alberteinstein-101101223720-phpapp01/75/Albert-einstein-1-2048.jpg,SerpAPI/GoogleImages,,1280,720,albert einstein the theory theory theory theory theory theory theory theory theory theory theory theory theory theory theory theory theory theory,0.31364473700523376,0.3520563840866089,,0,"no_face_scene_ok(clip=0.314,scene=0.35,cap_ok=False,person_page=False)"
0,"Imagine a young child sitting alone in a busy classroom, ignored by his classmates and misunderstood",scene_000_einstein,assets\images\scene_000_einstein\100.jpg,"albert einstein, physics, relativity, energy, science, math, mathematics, mathematical, brown science, black science, brown math, black math, brown energy, black energy, albert einstein, albert einstein, albert einstein, albert einstein, albert einstein, physics, physics, physics, math, math, math",PublicDomainPictures,https://pixabay.com/get/gf991b09dc8caf26dc05af3eb88b28936f3927361d678645c053348fbc0e9f0d02de0d378e7d4c3bda59e66c6f9d5a8d1f7b55e7f609c12eb5bc67de763245a85_1280.jpg,Pixabay,https://pixabay.com/,1280,720,the word emc written in chalk on a blackboard,0.26796627044677734,0.2526629567146301,,0,"no_face_scene_ok(clip=0.268,scene=0.25,cap_ok=False,person_page=False)"
-1,,albert-einstein-his-own-way,assets\images\albert-einstein-his-own-way\101.jpg,"Try to become not a man of success, but try rather to become a man of value. Albert Einstein, 1879-1955 -en","П. Бендель - editor Eugenio Hansen, OFS",https://upload.wikimedia.org/wikipedia/commons/thumb/9/9b/Try_to_become_not_a_man_of_success%2C_but_try_rather_to_become_a_man_of_value._Albert_Einstein%2C_1879-1955_-en.svg/2200px-Try_to_become_not_a_man_of_success%2C_but_try_rather_to_become_a_man_of_value._Albert_Einstein%2C_1879-1955_-en.svg.png,CC BY-SA 4.0,https://creativecommons.org/licenses/by-sa/4.0,1280,720,albert albert quote on black background,0.3042446970939636,0.0,,0,"no_face_scene_ok(clip=0.304,scene=0.00,cap_ok=False,person_page=False)"
0,"Imagine a young child sitting alone in a busy classroom, ignored by his classmates and misunderstood",scene_000_einstein,assets\images\scene_000_einstein\102.jpg,"OnthisDay in #Germany In 1879, Albert Einstein was born. The Theory of  Relativity, the #QuantumTheory of light and the formula E=mc²,- we have the  #genius of the century Albert Einstein to thank",x.com,https://pbs.twimg.com/media/GImx9ZcW0AAcs5D.png,SerpAPI/GoogleImages,,1280,720,albert einstein quote,0.31774014234542847,0.5578742424647013,,0,"no_face_scene_ok(clip=0.318,scene=0.56,cap_ok=True,person_page=False)"
-1,,albert-einstein-einstein-imagination-questions,assets\images\albert-einstein-einstein-imagination-questions\103.jpg,"albert einstein, ulm, sculpture, fountain, physicist, bust, shell, art, bronze, albert einstein, albert einstein, albert einstein, albert einstein, albert einstein",stux,https://pixabay.com/get/g827dd829cae60ae36f03b7928739aa800de5bbb60f4f2db5a552f066feda80a872810bd0cbc8ebce3972ab72098fdb73bb52ef07c265b4716cffbaa2859739ec_1280.jpg,Pixabay,https://pixabay.com/,1280,720,a statue of a man with a hat on his head,0.2454846054315567,0.0,,0,"no_face_scene_ok(clip=0.245,scene=0.00,cap_ok=False,person_page=False)"
0,"Imagine a young child sitting alone in a busy classroom, ignored by his classmates and misunderstood",scene_000_einstein,assets\images\scene_000_einstein\104.jpg,Einstein Portrait,"Heikenwaelder Hugo, Austria, Email : heikenwaelder@aon.at, https://heikenwaelder.blogspot.com",https://upload.wikimedia.org/wikipedia/commons/thumb/0/02/Einstein_Portrait.png/1666px-Einstein_Portrait.png,CC BY-SA 4.0,https://creativecommons.org/licenses/by-sa/4.0,1280,720,albert einstein by theartion,0.3069303035736084,0.5603630542755127,,0,"no_face_scene_ok(clip=0.307,scene=0.56,cap_ok=True,person_page=False)"
0,"Imagine a young child sitting alone in a busy classroom, ignored by his classmates and misunderstood",scene_000_einstein,assets\images\scene_000_einstein\105.jpg,Einstein 1933,Unknown - Distributed by ACME Newspictures,https://upload.wikimedia.org/wikipedia/commons/1/16/Einstein_1933.jpg,Public domain,,1280,720,"albert einstein, the inventor of the world ' s most inventions",0.332571804523468,0.568463017543157,,0,"no_face_scene_ok(clip=0.333,scene=0.57,cap_ok=True,person_page=False)"
-1,,albert-einstein-his-own-way,assets\images\albert-einstein-his-own-way\106.jpg,"boats, waterfront, dock, albert dock, seaside, liverpool, merseyside, england, uk, buildings, historical, old new, albert dock, liverpool, liverpool, liverpool, liverpool, liverpool",dimitrisvetsikas1969,https://pixabay.com/get/gb2ac0bcac9158b68b8b1d7b66632fc2f8f6a6df40f4eaa0681ea3aae85d7f749357258bb8208c1a893963951cdf23b211b5c5441f982088174863ccd198da37a_1280.jpg,Pixabay,https://pixabay.com/,1280,720,a group of boats docked in a canal,0.14225660264492035,0.0,,0,"no_face_scene_ok(clip=0.142,scene=0.00,cap_ok=False,person_page=False)"
-1,,albert-einstein-historical-photograph,assets\images\albert-einstein-historical-photograph\107.jpg,"Albert Einstein (1879-1955). /Namerican (German-Born) Theoretical  Physicist. In His Study With His Son, Dr. Hans Albert Einstein.  Photographed By ...",Posterazzi · In stock,https://cdn11.bigcommerce.com/s-yzgoj/images/stencil/1280x1280/products/1576383/4026081/apizv6ccw__89341.1626741779.jpg,SerpAPI/GoogleImages,,1280,720,two men in suits stand in front of a bookcase,0.311847984790802,0.0,,0,"no_face_scene_ok(clip=0.312,scene=0.00,cap_ok=False,person_page=False)"
0,"Imagine a young child sitting alone in a busy classroom, ignored by his classmates and misunderstood",scene_000_einstein,assets\images\scene_000_einstein\108.jpg,Dramatic upward view of Eiffel Tower's metal structure highlighting its architectural complexity.,nuclear medicine,https://images.pexels.com/photos/31654158/pexels-photo-31654158.jpeg,Pexels,https://www.pexels.com/,1280,720,the eiffiffiffiffiffiffiffiffiffiffiffiffiffiffiffiffiffiffiffiffiffiffiffiffiffiff,0.20637023448944092,0.01294085755944252,,0,"no_face_scene_ok(clip=0.206,scene=0.01,cap_ok=False,person_page=False)"
0,"Imagine a young child sitting alone in a busy classroom, ignored by his classmates and misunderstood",scene_000_einstein,assets\images\scene_000_einstein\109.jpg,"Albert Einstein Biography: Life, Science, and Legacy",Studylib,https://s3.studylib.net/store/data/008241892_1-5b7b5d3b86487e450b746978165d29bd-768x994.png,SerpAPI/GoogleImages,,1280,720,an image of albert einstein,0.3043317198753357,0.5676077206929525,,0,"no_face_scene_ok(clip=0.304,scene=0.57,cap_ok=True,person_page=False)"
0,"Imagine a young child sitting alone in a busy classroom, ignored by his classmates and misunderstood",scene_000_einstein,assets\images\scene_000_einstein\110.jpg,"Albert Einstein Biography: Life, Science, and Legacy",Studylib,https://s3.studylib.net/store/data/008537765_1-1d929826c9552d9286327dcc3d883167-768x994.png,SerpAPI/GoogleImages,,1280,720,the life of albert einstein,0.2751659154891968,0.5781229337056478,,0,"no_face_scene_ok(clip=0.275,scene=0.58,cap_ok=True,person_page=False)"
0,"Imagine a young child sitting alone in a busy classroom, ignored by his classmates and misunderstood",scene_000_einstein,assets\images\scene_000_einstein\111.jpg,Stunning view of Liverpool's Albert Dock with cityscape reflections at dusk.,Neil Martin,https://images.pexels.com/photos/465654/pexels-photo-465654.jpeg,Pexels,https://www.pexels.com/,1280,720,the water is calm,0.1603686660528183,0.057386480271816254,,0,"no_face_scene_ok(clip=0.160,scene=0.06,cap_ok=False,person_page=False)"
-1,,albert-einstein-archival-image,assets\images\albert-einstein-archival-image\112.jpg,"Albert Einstein (1879-1955), at his home in Princeton, New Jersey, USA,  1948. – Marilyn Stafford",Marilyn Stafford,https://www.marilynstaffordphotography.com/wp-content/uploads/Albert_Einstein.jpg,SerpAPI/GoogleImages,,1280,720,an old woman sitting in a chair reading a book,0.3381262719631195,0.0,,0,"no_face_scene_ok(clip=0.338,scene=0.00,cap_ok=False,person_page=False)"
0,"Imagine a young child sitting alone in a busy classroom, ignored by his classmates and misunderstood",scene_000_einstein,assets\images\scene_000_einstein\113.jpg,Albert Einstein Youth – Point 506,Point 506,https://www.point506.com/cdn/shop/files/Einstein-youth.jpg,SerpAPI/GoogleImages,,1280,720,a black t - shirt with a graphic of a man ' s face,0.2827448546886444,0.12948375940322876,,0,"no_face_scene_ok(clip=0.283,scene=0.13,cap_ok=False,person_page=False)"
0,"Imagine a young child sitting alone in a busy classroom, ignored by his classmates and misunderstood",scene_000_einstein,assets\images\scene_000_einstein\114.jpg,"
Einstein, Albert und Kollegen am Physik-Labor ETH","
Unbekannt",https://upload.wikimedia.org/wikipedia/commons/thumb/7/77/ETH-BIB-Einstein%2C_Albert_und_Kollegen_am_Physik-Labor_ETH-Portrait-Portr_10750.tif/lossy-page1-2200px-ETH-BIB-Einstein%2C_Albert_und_Kollegen_am_Physik-Labor_ETH-Portrait-Portr_10750.tif.jpg,Public domain,,1280,720,a group of men sitting around a table,0.2852450907230377,0.04229375347495079,,0,"no_face_scene_ok(clip=0.285,scene=0.04,cap_ok=False,person_page=True)"
0,"Imagine a young child sitting alone in a busy classroom, ignored by his classmates and misunderstood",scene_000_einstein,assets\images\scene_000_einstein\115.jpg,"einstein, physicist, conference, solvay, black-and-white, auguste piccard, émile henriot, paul honour proof, heart of édouard, théophile de donder, erwin schrödinger, jules émile verschaffelt, wolfgang pauli, werner heisenberg, ralph howard fowler, léon brillouin, peter debye, martin knudsen, william lawrence bragg, hendrik anthony kramers, paul dirac, arthur compton, louis de broglie, max born, niels drilling, irving langmuir, max planck, marie skłodowska curie, hendrik lorentz, albert einstein, paul langevin, charles eugène guye, charles thomson rees wilson, owen willans richardson, einstein, albert einstein, albert einstein, albert einstein, albert einstein, albert einstein",WikiImages,https://pixabay.com/get/ge66fdca36ebf7ceb3d537f319fe0e5a4799160f93ef3c7bc17464b92f07edc463a92eed0d39a339ca994ee7bd9ea992e_1280.jpg,Pixabay,https://pixabay.com/,1280,720,a group of men pose for a photo,0.28630444407463074,0.0025229137390851974,,0,"no_face_scene_ok(clip=0.286,scene=0.00,cap_ok=False,person_page=False)"
0,"Imagine a young child sitting alone in a busy classroom, ignored by his classmates and misunderstood",scene_000_einstein,assets\images\scene_000_einstein\116.jpg,"A vida de um indivíduo só tem sentido na medida em que ajuda a tornar mais bela e nobre qualquer outra vida. Albert Einstein, 1879-1955","Fotógrafo OTFW . editor Eugenio Hansen, OFS",https://upload.wikimedia.org/wikipedia/commons/thumb/5/50/A_vida_de_um_indiv%C3%ADduo_s%C3%B3_tem_sentido_na_medida_em_que_ajuda_a_tornar_mais_bela_e_nobre_qualquer_outra_vida._Albert_Einstein%2C_1879-1955.svg/2200px-A_vida_de_um_indiv%C3%ADduo_s%C3%B3_tem_sentido_na_medida_em_que_ajuda_a_tornar_mais_bela_e_nobre_qualquer_outra_vida._Albert_Einstein%2C_1879-1955.svg.png,CC BY-SA 4.0,https://creativecommons.org/licenses/by-sa/4.0,1280,720,albert einstein quote on red background,0.2769239544868469,0.5398465991020203,,0,"no_face_scene_ok(clip=0.277,scene=0.54,cap_ok=False,person_page=False)"
-1,,albert-einstein-his-own-way,assets\images\albert-einstein-his-own-way\117.jpg,"Aerial shot of vibrant canola fields in Prins Albert, showcasing geometric patterns.",Arie van Ravenswaay,https://images.pexels.com/photos/1568204/pexels-photo-1568204.jpeg,Pexels,https://www.pexels.com/,1280,720,a field with rows of crops,0.19310294091701508,0.0,,0,"no_face_scene_ok(clip=0.193,scene=0.00,cap_ok=False,person_page=False)"
0,"Imagine a young child sitting alone in a busy classroom, ignored by his classmates and misunderstood",scene_000_einstein,assets\images\scene_000_einstein\118.jpg,Albert Einstein Portrait Line Art Illustration Albert Einstein 1879 1955  Stock Vector by ©fogbird 243152656,DepositPhotos,https://st4.depositphotos.com/1020857/24315/v/1600/depositphotos_243152656-stock-illustration-albert-einstein-portrait-line-art.jpg,SerpAPI/GoogleImages,,1280,720,albert albert albert albert albert albert albert albert albert albert albert albert albert albert albert albert albert albert albert albert albert,0.34003838896751404,0.23433880507946014,,0,"no_face_scene_ok(clip=0.340,scene=0.23,cap_ok=False,person_page=False)"
0,"Imagine a young child sitting alone in a busy classroom, ignored by his classmates and misunderstood",scene_000_einstein,assets\images\scene_000_einstein\119.jpg,The Remarkable Journey of Albert Einstein's Genius | History,Vocal Media,"https://res.cloudinary.com/jerrick/image/upload/d_642250b563292b35f27461a7.png,f_jpg,fl_progressive,q_auto,w_1024/651b4242f1affa001d927a80.jpg",SerpAPI/GoogleImages,,1280,720,albert einstein by david vander,0.3148156404495239,0.5472905437151591,,0,"no_face_scene_ok(clip=0.315,scene=0.55,cap_ok=False,person_page=False)"
0,"Imagine a young child sitting alone in a busy classroom, ignored by his classmates and misunderstood",scene_000_einstein,assets\images\scene_000_einstein\120.jpg,Long exposure of Albert Hall Museum in Jaipur at night with light trails.,Suket Dedhia,https://images.pexels.com/photos/1588031/pexels-photo-1588031.jpeg,Pexels,https://www.pexels.com/,1280,720,a building with a clock on it,0.18995074927806854,0.12363631278276443,,0,"no_face_scene_ok(clip=0.190,scene=0.12,cap_ok=False,person_page=False)"
